n-gram,frequency
THE,102891
AND,46224
ING,35062
ION,22292
HER,18335
ENT,18096
TIO,17766
HAT,16071
HIS,15210
ERE,14482
FOR,14219
THA,13965
TER,13220
ITH,12028
ATI,11817
WAS,11748
WIT,11416
ALL,11354
VER,10772
ESS,10585
NCE,10452
RES,10191
CON,9732
TED,9540
ATE,9450
NOT,9173
THI,9068
ERS,8747
MEN,8461
ONE,8181
YOU,7929
ONS,7641
HAD,7561
REA,7378
OUN,7264
EVE,7244
DER,6960
COM,6849
RIN,6830
OME,6722
HOU,6716
EAR,6714
OUT,6651
INT,6601
GHT,6593
HIN,6579
WHI,6566
ROM,6528
ARE,6513
EST,6504
UND,6464
HIM,6438
AIN,6432
FRO,6431
ECT,6393
OVE,6361
RED,6320
SHE,6287
STA,6239
ICH,6142
PER,6098
BUT,6062
WER,6028
OUR,5956
NDE,5944
TIN,5901
ILL,5882
MAN,5785
IVE,5722
AVE,5628
PRO,5601
OUL,5518
PRE,5426
OUS,5423
IGH,5352
THO,5320
NTE,5301
ULD,5278
COU,5274
INC,5234
ORE,5208
HIC,5208
RAT,5167
STR,5130
IST,5102
AME,5068
OTH,5058
ART,5049
IDE,5042
CTI,5027
HEN,5006
ERI,4985
ITI,4961
TEN,4951
ANT,4925
BLE,4866
STE,4801
WHE,4741
INE,4737
PRI,4728
UGH,4727
ENC,4655
SSI,4632
EAT,4613
ICA,4599
STI,4589
TUR,4588
WHO,4519
SED,4442
HAN,4421
NED,4404
TRA,4389
URE,4382
ERA,4379
END,4350
AID,4333
HAV,4322
STO,4314
EEN,4310
CES,4299
NAT,4223
DIS,4198
EAS,4180
ACT,4115
ELL,4064
IND,4036
PAR,4021
ROU,4020
KIN,4019
OUG,4003
USE,3988
ENE,3970
SEL,3962
HEY,3949
LIN,3949
ACE,3940
OSE,3925
EAD,3917
ANC,3902
RIE,3894
ERY,3878
ORT,3824
UST,3801
REN,3794
TIC,3765
RAN,3762
DEN,3752
OST,3738
OWN,3718
NOW,3689
ARD,3675
CAN,3664
SHO,3616
NTI,3604
SAI,3591
OLD,3574
LIT,3566
TTE,3565
DIN,3549
ONG,3543
VEN,3536
IES,3525
LES,3522
HEA,3501
TAT,3488
CHA,3474
ITE,3426
NIN,3392
MOR,3384
ICE,3377
CAL,3373
UNT,3362
ISE,3343
RRE,3339
NER,3339
APP,3336
DED,3324
PLE,3323
MIN,3304
LLY,3302
TAN,3297
TOR,3288
LAN,3265
ARY,3226
ATT,3216
EME,3216
SHA,3214
TES,3199
WHA,3195
IER,3190
ABL,3180
NES,3179
AGE,3178
SSE,3169
IME,3167
SOM,3167
SEN,3157
POS,3135
LEA,3134
ERR,3099
LON,3098
HEI,3076
ITY,3065
OOK,3060
SIO,3060
ONT,3060
LAT,3060
SIN,3047
SON,3038
EIR,3014
AST,3007
ASS,3002
ASE,2996
SEE,2995
PLA,2991
ISH,2985
GRE,2969
LOO,2964
ORM,2960
LAR,2951
LED,2949
MAR,2943
MER,2921
ESE,2919
ORD,2889
KED,2885
RAL,2879
DRE,2876
REC,2867
NLY,2846
ANY,2839
INS,2831
LLE,2819
TIM,2805
NGE,2794
NDI,2768
HEM,2756
WAY,2752
WAR,2749
REP,2741
TLE,2726
WOU,2711
IAL,2708
HOL,2707
ANG,2704
SPE,2699
TRE,2697
BEE,2687
OOD,2683
FAC,2670
FRE,2655
LOW,2648
IED,2642
HED,2638
MED,2638
NTS,2620
ILE,2617
MAY,2611
REE,2609
ANS,2564
FIC,2557
SID,2549
AKE,2548
ERN,2547
ADE,2541
BER,2540
SES,2530
RIT,2499
ELF,2491
WOR,2481
ILI,2480
SUR,2479
ATH,2477
CHE,2476
UCH,2476
OWE,2474
ROS,2466
THR,2459
RIS,2456
HOW,2452
TLY,2442
RIC,2435
ISS,2431
ABO,2421
ITS,2414
CHI,2411
CER,2405
OLE,2397
PEN,2397
ELY,2395
NTO,2392
TRI,2387
PEA,2380
REM,2376
GEN,2367
FTE,2365
HES,2363
PIE,2356
NDS,2353
OPE,2340
RSE,2338
SIT,2319
NST,2319
MIL,2313
SER,2305
DES,2301
INI,2301
ARR,2292
ARM,2287
MON,2277
CAR,2270
ACK,2265
IRE,2260
HAR,2253
TIS,2252
ULA,2238
OND,2230
ECO,2221
GRA,2214
VIN,2213
HIL,2205
OIN,2203
ROW,2200
MAT,2199
PPE,2195
EXP,2194
ARI,2190
FFE,2185
VED,2179
NAL,2178
IEN,2161
MET,2161
RST,2159
NEW,2157
CTE,2155
DID,2155
RRI,2144
MOS,2134
IMP,2126
LAS,2125
INA,2116
OFF,2111
OMP,2104
ITT,2099
NTR,2098
TIL,2081
ASH,2077
ENS,2074
LIS,2070
FIR,2059
TAL,2059
MES,2050
ACH,2050
URN,2038
OSS,2028
TTL,2027
FUL,2027
ONL,2016
ERV,2006
TAI,2006
TIV,1999
FER,1996
GER,1995
CED,1988
AFT,1987
WIL,1986
BOU,1982
RAC,1978
KNO,1974
POR,1973
ANI,1969
CUL,1963
HAS,1960
VES,1955
CLE,1952
SIS,1952
EMP,1950
LIC,1947
OMM,1947
LLO,1933
URS,1933
NIS,1924
TRO,1914
GIN,1908
COL,1906
RTI,1904
ELI,1900
IAN,1899
ROO,1899
OSI,1897
FIN,1895
NSI,1891
UAL,1883
UTE,1881
EAL,1879
TOO,1878
ORI,1874
UTI,1872
PEC,1870
AUS,1869
ITA,1867
WIN,1861
LEN,1854
RIG,1845
EFO,1838
MPL,1826
ENI,1824
CIA,1820
TIE,1812
LIE,1811
QUI,1811
NCH,1808
SUC,1800
ONA,1799
UNI,1781
ETH,1780
OLL,1779
TAK,1778
MUS,1775
ERT,1774
REW,1773
CAM,1772
RAI,1769
GAI,1766
RON,1763
ESI,1762
OKE,1761
HOS,1761
ALI,1760
ULT,1758
NIC,1751
RGE,1748
NTL,1747
POL,1744
RET,1739
ARS,1737
CAT,1732
BEC,1728
ORS,1728
FFI,1725
INF,1724
RUS,1715
YES,1709
WEL,1705
HAP,1699
RNE,1697
FEC,1690
NDR,1687
YIN,1686
SOL,1686
SSU,1686
DOW,1676
NIT,1676
LAC,1674
ARA,1672
HOR,1670
REL,1659
EMA,1657
AIR,1656
DON,1652
NTA,1651
LET,1647
PON,1644
DAY,1637
QUE,1635
TRU,1634
AYS,1633
IVI,1630
BRO,1623
ELE,1620
IRS,1617
GAN,1615
URI,1608
ETT,1602
PAT,1592
AGA,1591
OLO,1591
LLI,1585
HAL,1584
CAU,1581
TEL,1570
HRO,1564
SHI,1563
NOR,1560
EIN,1544
IOU,1540
RIA,1539
RTE,1539
OLI,1537
CUR,1537
ATA,1534
RTH,1533
ALS,1533
IKE,1529
ECE,1518
IGN,1516
RDE,1512
EMB,1511
BLI,1498
DEA,1497
SOU,1495
IFE,1483
SEA,1480
MIS,1475
GLA,1474
LIK,1474
ISI,1467
MSE,1466
LIG,1466
TAS,1463
OMA,1460
EMO,1450
ERM,1437
RIO,1435
MOV,1430
ROP,1423
ACC,1422
GRO,1420
SKI,1415
ERO,1407
SSA,1404
COR,1401
BEF,1397
PAS,1391
CAS,1386
UES,1385
EAC,1385
EVI,1385
IBL,1378
MPE,1376
EED,1365
OOM,1364
BRI,1362
FOU,1361
LOS,1360
CRE,1356
PIN,1355
EXT,1353
MAD,1350
EPT,1348
EGA,1346
RTA,1346
TON,1344
BEG,1341
ONC,1337
ROV,1337
GED,1336
WEN,1333
NGL,1331
AVI,1329
SCO,1328
ASK,1328
BOR,1328
ORY,1321
ANN,1319
NNE,1312
ATU,1309
PLI,1307
TAR,1300
ICI,1296
REG,1295
CEN,1294
RLY,1293
ETI,1291
ERC,1290
USS,1290
SUP,1289
EXC,1286
IMS,1283
ULL,1283
MPA,1283
ONI,1281
UTH,1280
BAC,1280
ARG,1271
OMI,1270
SEC,1267
NSE,1266
MAL,1265
GIV,1265
MBE,1263
ETE,1256
DIE,1256
LIF,1255
GES,1251
ECI,1250
CHO,1247
BON,1244
DLY,1240
ESP,1233
CRI,1231
HEL,1230
FEL,1229
PAI,1228
CLA,1226
LOV,1225
AFF,1224
ENG,1222
MIT,1219
OCC,1217
ILY,1212
TIT,1210
SAT,1210
DIT,1207
REF,1205
RDS,1204
PED,1200
OTE,1198
RCH,1197
UNC,1192
SAY,1190
SUE,1190
REV,1189
AWA,1187
ITU,1187
ARL,1186
NCI,1185
EYE,1179
RMA,1176
AMP,1176
RME,1174
CLO,1172
DDE,1171
MOU,1171
EDI,1168
ARK,1168
IFF,1167
DUC,1164
TWO,1163
CCU,1161
ECA,1161
RVE,1160
EGI,1156
NEC,1152
EQU,1150
RCE,1149
EEM,1147
VID,1147
EAN,1146
CRO,1144
SAM,1140
AIL,1136
UPO,1135
SPO,1134
URA,1134
MPO,1129
ASI,1128
RIV,1128
MEA,1124
SIA,1119
VEL,1119
NGS,1116
TEM,1113
VIC,1112
LIA,1111
STS,1110
KEN,1110
TAB,1109
TRY,1108
LAI,1106
URR,1106
MAI,1104
ANK,1104
SIL,1103
BUR,1102
LOU,1102
SIB,1099
RNI,1098
INK,1098
GET,1097
OLU,1094
RAD,1090
USI,1086
ADI,1085
BET,1084
SAN,1083
TCH,1078
EET,1077
EEP,1070
IAT,1070
CAP,1063
UBL,1058
ANE,1057
QUA,1055
ROD,1054
IFI,1052
JEC,1051
ORG,1051
UNG,1048
ALE,1046
ROA,1044
WEE,1038
IZE,1038
MMA,1038
ANO,1036
FRA,1036
SPI,1034
OTI,1028
TOV,1024
OPL,1020
ISO,1018
EIG,1017
TWE,1016
ANA,1013
VAL,1012
LEC,1011
ORR,1011
ROT,1011
OVI,1008
UPP,1007
SUB,1006
PPO,1005
EAK,1004
NGR,1004
GOV,1004
JUS,1003
ORN,995
ARC,991
SUL,991
ELA,988
ELD,986
LAY,986
INU,985
ORK,984
HOM,983
EOP,983
ICK,981
LVE,978
ICU,978
FOL,975
FEE,972
BAN,971
SEV,971
FAT,971
EPE,970
RIB,969
ORA,968
DIF,968
VAN,964
ALT,963
TOL,963
OCK,960
UCT,960
DRA,959
ADY,958
AKI,956
SKE,955
LDI,955
PEO,952
SET,951
UIT,950
EXA,949
ALO,948
ELT,947
NFE,946
DEM,945
RRO,944
GOO,943
WED,941
AMI,940
LSO,939
DIA,939
VIS,937
BEI,933
ERF,929
PIT,929
DEC,927
IMA,924
KNE,923
BAT,923
FAR,920
MME,919
SAR,919
LOC,918
LEG,917
VOL,916
ALK,915
MAS,913
SIG,913
VIL,912
ATO,912
EDE,911
PET,910
SWE,909
NDO,908
USH,908
ICT,904
CTO,903
FRI,903
PUR,903
EEL,901
POW,898
SMI,894
ROR,894
LLA,892
HRE,890
CIT,890
LUS,890
YEA,887
NEV,883
LEF,882
DEP,880
AUG,879
ONF,879
TEA,878
ESU,877
SLA,877
TTI,875
APT,874
YTH,873
ONV,872
ADD,871
EAV,871
VOI,871
BLO,870
EON,869
CUT,866
BRA,865
RMI,862
OOR,861
XPE,861
CKE,861
PTE,861
RTY,861
PTI,859
NAP,857
RTS,856
WIS,853
EPA,852
MEM,852
VIT,852
TAC,852
EFT,850
MAK,847
NIO,847
OPP,846
NEA,845
ISC,841
OWI,837
BEL,836
LUT,833
PAN,832
SUA,832
OLA,830
HUS,828
SOR,827
PUT,824
ERG,823
EFF,822
UTU,820
NME,819
BED,818
SMA,817
LAW,815
POI,811
VAR,811
RAP,810
SCA,809
APE,808
OFT,807
FAI,807
JOI,804
CTU,803
EUR,800
ILD,800
IET,799
LWA,797
DEF,792
CIN,791
MUC,787
NDA,784
RMS,784
IEF,783
COW,783
OSC,782
NVE,782
CIE,780
SCR,778
IMI,777
ELS,775
OOT,773
RMY,772
STU,771
DGE,771
BIL,770
ORC,768
HIE,767
APO,766
CCO,765
ERL,764
FIE,762
ADV,761
DEL,761
EPL,761
MIG,760
LEM,760
USU,760
TOW,758
UFF,755
AMO,755
PUB,753
RID,751
WOM,749
NDU,748
HTE,746
ENL,744
ABS,743
CEP,743
HIG,742
MOT,741
PUL,741
RNM,741
PHI,740
URT,739
AIT,738
INN,738
ISP,737
DAR,735
UEN,734
TOM,733
RAG,733
ESC,731
BES,729
LAD,728
UME,726
PPL,726
TME,726
OIC,724
INV,721
YON,721
UAR,721
LIV,720
BRE,716
LER,714
ARO,714
ELO,709
DRO,709
TUT,709
DLE,707
DIC,707
RCU,707
BEA,703
MPT,703
LIM,702
ONO,701
RUC,697
ONY,697
DUR,696
OON,696
ETA,695
NIA,695
NOU,694
BIT,693
WEA,692
NEE,691
DAN,691
RAW,689
ACI,689
TIA,689
CEL,688
FIG,688
LDE,688
NCO,686
AGI,686
BOD,686
FLA,685
GAT,685
CRA,683
UMB,682
RSO,680
DOM,679
IRI,676
WHY,674
RIL,672
FEA,672
WAN,671
ETW,670
OES,669
ETY,666
CLU,665
NNO,665
BAL,664
API,663
YMP,663
UDD,663
LOR,662
EMI,658
BOT,657
AGR,657
GNI,656
LLS,656
ODU,654
PLY,653
DIR,653
ECU,652
LEO,652
UCE,649
URG,647
EFE,645
ODE,643
RDI,642
AUT,640
TUM,638
YED,637
PRA,636
ZED,636
AVO,636
OAD,635
ENO,635
ENA,634
TEE,632
WAL,632
MPR,632
NAR,631
NIG,631
HIP,631
UDE,630
OCI,629
OWS,629
LAM,629
DEE,628
HIR,628
SLY,627
PLO,625
TOP,624
XPR,624
VEM,623
ILA,623
RAB,622
SAW,622
ROC,622
SPA,621
TTA,621
RRY,620
NIE,619
SCE,618
CCE,616
ROL,615
URY,615
PPR,614
DMI,612
MMO,612
XTE,612
SAC,612
RUN,611
ALW,609
HUN,608
CTS,607
SUM,606
LLU,606
RKE,602
HON,602
SIM,601
EFU,600
XCE,599
ALM,598
SPR,598
DIV,598
NIF,598
ALR,596
SOC,595
DEV,595
ISM,594
HAI,592
CEI,590
LAB,590
DOO,589
IEV,589
EPR,586
MOM,585
SAL,584
YST,582
ODY,582
CIS,581
WAI,581
SUD,581
PAC,579
BUS,579
SOV,578
IMM,576
LEE,576
COA,576
GLE,574
EVO,574
NCL,571
UTA,571
EMS,569
GAR,568
ASU,568
BLY,567
NFL,566
IFT,564
OKI,564
COV,562
KHO,562
NGI,561
ALA,560
SUF,560
ULE,560
TUA,559
NEU,559
NUM,558
WRI,556
IBE,556
FOO,556
RVI,555
RIM,554
RAR,554
REQ,553
PIR,552
NNI,552
UTT,549
LAV,546
FLE,545
LOP,545
HEE,544
CUS,544
HIT,544
ASO,542
WAT,542
EIV,542
RTU,542
UMO,542
BOL,542
FLU,541
PPI,540
IEL,540
FED,540
WES,540
ETU,539
NTH,539
UBE,539
TIF,538
OPI,536
BOO,535
HUR,535
KUT,535
UZO,534
ZOV,533
BEN,531
SCI,530
DOL,530
TUZ,530
GLI,529
LME,525
FUS,524
MID,524
SSO,523
OGE,523
LUE,522
AYI,522
NEY,518
MPH,518
BSE,516
ITO,516
BAR,516
ROB,515
EPU,515
OUB,514
EIT,513
ATC,513
BLA,512
RGI,512
ETS,511
LAG,511
TEP,510
TUB,510
VNA,510
NGT,509
AIS,508
NCY,507
ENN,507
OAT,506
SIV,506
DRI,505
RAY,504
NSW,503
ELV,503
SLE,503
IRC,503
LTI,502
USL,502
OPS,501
LTH,501
OCA,500
ABI,500
XAM,499
ISA,499
HOO,498
SEP,498
OLM,497
REI,497
VIE,496
CID,496
RAS,496
OWA,496
USC,496
GUE,495
YET,495
NYA,495
TOU,494
HOV,494
VAS,494
ADM,493
OCE,492
NCT,492
RRA,492
MIC,492
ATM,492
DOU,491
BEH,491
HET,490
APS,488
LRE,487
INO,487
MAG,486
AIM,486
IRT,485
SOO,485
INJ,485
HUM,484
EFI,484
EPI,484
PAL,483
IBI,482
DET,482
MBL,482
RIF,481
KER,481
ORO,480
NDL,480
EXI,480
IAG,479
IGI,479
OIS,477
FLO,477
RGA,477
FEW,475
PID,475
UED,474
APA,473
LAU,472
URP,468
ACR,467
BJE,467
GOT,466
EXE,466
NNA,465
USA,464
NAN,463
EAM,463
ISL,463
SEM,463
LEX,463
VAT,462
IVA,462
CIR,461
ANU,461
RYT,461
IRR,461
NSK,460
URC,459
UNE,459
NCR,458
SCL,458
LOT,457
EEK,456
NEX,456
LIO,456
OOP,456
NUE,454
ORL,453
RSA,452
UIR,451
GON,451
FAM,450
PAP,450
OBS,449
WIF,449
GAV,449
MMI,448
OID,448
ASA,446
NAM,445
LIP,444
CKS,443
KET,442
ECK,441
SMO,441
FIL,440
TUD,440
EHI,440
OWD,440
TIR,439
ONN,438
RVA,437
BIN,435
GGE,435
IPL,435
ODI,434
ARN,434
OYE,433
IGA,432
ETR,432
OTT,430
NOV,430
WEV,430
CLI,429
NTY,429
DAT,428
VIO,428
NFI,428
ELP,427
IDI,426
ILS,425
HAM,424
NOM,423
RNA,422
NON,422
THY,422
OBL,421
UIS,420
IPP,419
SLI,418
GRI,417
LUM,417
URO,417
NTU,416
THU,416
FAL,416
LSE,416
SCH,416
PHA,416
SIR,415
CIO,415
RYI,415
NGU,413
IUM,413
UCK,412
THS,410
EOU,409
XPL,408
ULO,408
AYE,408
ROY,407
RAV,407
OVN,407
NEN,406
DOE,406
OGR,405
RAM,404
SLO,404
DUS,404
AEM,404
HOP,403
TAG,403
HTS,402
NIZ,402
OAC,399
DVA,399
NJU,398
RHA,397
RFA,396
SOF,395
SCU,395
GOI,395
PUS,394
OKH,394
RUP,393
GUL,392
GOD,392
EGU,392
ECR,390
UNA,390
IRM,390
RLD,389
ADO,389
EWS,386
PIC,385
IBR,385
ALF,384
JUR,384
ESO,382
DOC,382
RUM,380
XTR,379
LOY,379
NYT,379
COS,379
HOT,378
GHE,378
DAM,378
IEW,377
EDL,377
RWA,377
LUN,376
FUR,376
UMP,375
UGG,375
ADJ,373
ATS,373
SPL,373
ULC,373
OCT,372
LYI,371
NEM,371
TUN,370
LYM,370
CIP,369
UMA,368
AMM,368
EDU,367
AIG,367
LCE,367
NQU,366
UNN,366
MUL,366
ROJ,365
OJE,365
LMO,364
OGN,364
UPT,363
OVA,363
LUD,362
GUA,362
ADS,362
IMB,360
ROG,360
SYM,360
POP,360
URF,360
GLY,359
PHY,358
AVA,358
NVI,358
NFO,357
GUI,357
FFA,357
ICS,357
FIB,357
TOG,356
IRD,356
YSI,356
IAR,355
OPO,354
FEN,354
YPH,354
RSI,353
EER,352
MEL,352
ESH,352
NAB,351
GAL,350
OLV,349
ECL,349
POK,349
ZIN,348
RUL,348
ECH,347
IOD,347
VIR,347
AGG,346
CHM,346
NOS,346
UBT,345
UCC,345
ULI,345
MEE,345
OIL,345
NVO,344
NSU,344
STL,344
ISF,344
VOT,343
KES,342
DUL,342
EES,342
IPS,341
HAE,341
OOL,340
MAC,339
KEE,339
UIL,339
GEO,339
RPR,338
RPO,337
VOR,337
OCR,337
CUP,336
UNK,335
AMA,335
PTU,335
MBR,334
UDI,333
RFE,332
UAT,332
MYS,331
INL,331
MAJ,331
COG,331
TEC,331
NKS,331
JOY,331
GIO,331
LOK,331
CRU,329
UNS,329
IDL,329
FAV,329
IBU,328
AGO,328
NUT,328
EOR,327
LOG,327
IDD,327
KIL,327
GIM,327
WON,326
XED,326
CHU,325
FFO,325
OUD,324
WOO,323
SYP,323
RSH,321
BAS,321
CUM,320
UIC,319
ILT,319
IAB,318
RLI,317
DUE,316
LTE,315
UMM,315
NIM,315
MOC,315
WTH,315
EPO,314
EGR,314
HRI,314
BOV,314
LEV,314
OOS,314
CIL,314
DOR,314
EPS,313
NEI,313
UPE,313
OWT,313
BLU,312
TSE,312
OPU,312
GTH,312
GIS,312
CKL,310
RIP,310
GUT,309
OMS,309
UBJ,309
LIB,309
ENB,308
DDL,308
RYS,308
RUE,307
HOD,307
OMB,306
BOW,306
IRL,305
VOU,305
ROK,305
SIC,305
GUN,305
FUN,304
ATR,304
OWL,303
CKI,303
CTL,302
FAS,301
EGE,301
OUP,301
SIX,300
PHE,299
LTS,298
FES,298
EMY,298
ACY,297
JAC,297
BEY,295
HME,294
PEL,293
NKI,293
TYA,293
GLO,292
RCO,292
KON,292
EDG,291
EAU,291
SAG,291
BSC,291
DUA,290
NEL,289
OLK,289
NFU,289
ODS,287
HAG,287
SAV,286
IDA,286
RER,286
COP,285
LKI,285
ORP,285
NET,284
ARP,284
PIL,284
VEI,282
ROF,282
EFL,282
FIV,281
UBS,281
WRO,280
UPI,279
YSE,279
XIS,279
GIT,278
ETC,278
GEM,278
ORW,278
NAG,278
EDO,277
COC,277
XCI,277
PTO,277
YLO,277
SQU,276
RAF,276
NBE,275
GIR,275
UTS,275
GNA,275
UIN,275
SYS,275
ICO,275
OMO,275
AWI,274
MUR,274
SUI,274
ERP,274
CIV,273
MOI,273
ULS,273
NSC,273
ADA,272
SBU,272
FAN,271
IOR,271
FIT,270
ICL,269
FLI,269
OUC,269
NSP,268
ATY,268
AWS,267
ASC,267
CCA,266
ERH,266
SAP,266
HAB,265
OTS,265
MUN,265
BAB,265
UEL,264
RMO,264
KLY,264
DDI,262
CEA,262
WID,262
AGN,260
BSO,259
BST,259
NEO,259
APH,258
YEL,258
PPY,258
IFO,258
BAG,257
RCL,257
TTO,256
PAY,256
DIL,256
KEP,256
YSM,256
AWN,255
NUL,255
OAR,254
SAD,254
CAV,254
RCI,253
RUI,252
YPE,252
GIC,252
RNO,251
DUT,251
KIS,251
OPH,250
BAD,249
ERW,249
ALU,249
OMY,249
MOD,249
OBA,248
RSB,248
SME,247
BUL,247
ZEN,247
RYO,247
CTA,246
DEB,246
DJU,245
IKH,245
ACU,243
DNE,243
EVA,243
STY,242
NSA,242
LDR,242
IGU,241
ASP,241
XCL,241
FIF,240
NUS,240
IDG,240
CHR,239
SEQ,238
YER,238
OBE,238
RUG,237
SUN,236
LTY,236
RDL,235
DDR,235
OYA,235
OVS,235
RUB,234
FLY,234
CQU,234
HYS,234
EEI,234
UTY,234
GAG,233
DAU,233
LAP,233
SUS,233
POO,232
BOY,231
HAY,231
AMB,230
EYO,230
ITR,230
DEG,230
IXE,230
GNO,229
WNE,229
YOR,229
RRH,229
CTR,228
RKS,228
TOC,228
GUR,227
ACQ,227
POT,227
RUT,227
LEY,226
FIX,226
LIZ,226
ARB,225
ABA,225
UIE,225
TNE,225
LOA,224
TWI,224
RLE,224
UMS,224
NYO,224
IAM,222
NFA,222
VIA,221
GNE,221
OXI,221
NSO,219
LKE,219
NUA,219
AUL,219
ALP,218
MOO,217
SBA,217
NGA,217
DIM,217
AFR,217
UCO,217
OKS,216
EBR,216
RFU,216
NEG,216
TAX,216
TUS,216
BRU,215
UNL,215
TIP,214
COT,214
MIA,213
AMS,213
PES,213
RGO,213
INH,213
AZE,212
USB,212
JUD,212
MOL,212
OLY,212
SUG,211
SEI,210
MOK,210
IOL,210
MUT,210
GAZ,209
XPO,209
SIZ,209
OTA,209
CEE,208
PAV,208
LOM,208
PSE,207
OSP,207
YAL,207
AGU,206
MMU,206
LID,206
JUT,206
ORB,205
ENU,205
INQ,205
NOC,205
TIB,205
KLE,204
UID,203
LKO,203
JOR,202
MBI,201
TEO,201
HTL,201
NLE,201
TYP,201
AJO,201
UOU,200
SYN,200
HMA,199
REH,199
IOS,199
REO,198
EHE,198
NKL,198
ALY,198
AXI,198
EUM,198
EBO,197
DOI,197
EIZ,197
LUC,197
CEM,197
ITC,197
RBI,196
TAF,196
BUI,196
AVL,196
HEV,195
YCH,195
EAG,194
IRO,194
ISK,194
PEE,194
IPA,194
PUN,194
GTO,194
PPU,194
SHR,193
TFU,193
MPU,192
IRA,192
GOR,192
POU,191
UDG,191
HIO,189
PAU,189
IFY,189
MBA,189
URB,188
AVY,188
CRY,188
CCI,188
IGR,187
DRU,186
OTO,186
WAG,186
III,185
PTA,185
ILW,185
VLO,185
URD,184
CAB,184
NUF,184
DIP,184
CIF,183
JES,183
IDS,183
BOA,183
EWA,182
ADU,182
RRU,182
TEX,181
BBE,181
NVA,181
ASY,181
RFO,181
GUM,181
NHA,181
GHI,180
EDS,180
WLY,180
RNS,180
EKS,180
NAI,180
ERU,180
SMS,180
IGE,178
HLY,178
IDU,178
KHA,176
NKE,176
OHN,175
GME,175
XEC,175
CYS,175
SWA,174
ALC,174
NOB,173
EEV,173
JOH,173
ETO,173
IZA,172
DIG,172
SAB,172
IRG,172
OBJ,171
UMN,171
IPE,171
NLA,171
KAR,171
ABE,170
XAN,170
BOS,169
EMN,169
EWE,169
YAR,169
IMU,169
RLO,168
AFE,168
GOL,168
JUN,168
LPA,168
LOD,167
HEO,167
AYL,167
NLI,167
GEL,167
YME,167
KOV,167
XIC,166
MBO,166
IMO,166
NAC,165
PLU,165
TOS,165
ILO,165
TAY,164
WOL,164
RYA,164
MEO,163
LTO,163
SIE,163
TIZ,163
ADL,162
DVI,162
MLY,162
FUT,162
GRY,162
SHM,161
RSU,160
FEM,160
SIP,160
UDY,159
PPA,159
TIG,158
NUR,158
VAI,158
OBT,158
SNE,157
DRY,157
TTY,157
NOD,157
RHO,157
WDE,157
ROI,157
GNS,156
ALD,156
SPU,156
EEC,155
GGL,155
RIZ,155
RIU,154
OGI,154
BUN,153
PHO,153
DSO,153
EHO,153
YBO,153
OCU,153
IFU,152
ANX,152
UNF,152
LYS,152
RBE,152
ODG,151
OOF,151
RBA,151
RTL,151
NSF,151
EAP,151
UPR,151
AUD,151
XER,151
NSH,150
SFA,150
BTA,150
TTR,149
KEL,149
EBT,149
ABR,149
SIF,149
PME,149
PIP,148
GUS,148
RAU,148
NJE,148
IXT,148
SNO,148
LUI,148
YNO,148
UBC,148
MIR,147
FFU,147
ODO,147
HUT,147
RPL,147
OMF,147
LDS,147
HIA,147
IZI,147
MAM,147
SWI,146
UCA,146
EGO,146
TOX,146
IPH,146
RIK,145
IPT,145
HYP,145
ZAT,145
UBB,144
FIS,144
MFO,144
YAN,144
LEU,144
MPI,143
WNS,143
OPY,142
SWO,142
ERD,142
EPH,142
IOT,142
UBM,142
OCO,142
MIK,142
OPT,141
LBO,141
AUN,141
YTE,141
DME,141
RPE,140
IGS,140
GIA,140
OHI,140
JEF,140
OCY,140
MEW,139
SYL,139
TYC,139
RKA,138
IEC,138
FID,138
UFA,138
AEV,138
UGU,137
EGS,137
BOX,137
IDN,137
HAU,137
TOE,137
ICY,137
CYT,137
DVE,136
UPS,136
WLE,136
UGE,136
HID,136
FFR,136
NDM,136
ILV,135
GAM,135
TLI,134
GHB,134
LVA,134
OLS,134
REB,134
URV,133
NOI,133
OPR,133
LTU,133
TSK,133
OAK,132
AJE,132
TTS,132
COO,132
BIR,132
XIN,132
FTY,131
NXI,131
SAF,130
MST,130
HBO,130
UTC,130
DOP,129
PIS,129
NEF,129
FTI,129
RYB,129
EOM,129
REJ,128
EDD,128
ENJ,128
UAI,127
AZI,127
EWH,127
VIV,127
PAG,127
RAE,127
OPC,127
PCH,127
NAV,126
ELB,126
IQU,126
ODA,126
NAE,126
MYE,126
WIC,125
TSI,125
SFI,125
EVN,125
OCH,124
ERK,124
OUI,124
DIU,124
BCU,124
OFO,123
TEV,123
JAM,123
MIE,123
PYO,123
WEI,122
IAS,122
RGU,122
JUL,122
DAG,122
JOU,121
HOE,121
SSL,121
BIA,121
EAB,121
OPM,121
EZU,121
ABU,120
HOC,120
RKI,120
IOM,120
KSO,120
SOI,120
VII,119
RTO,119
LDL,119
ASM,119
XIO,119
HUG,119
SOB,119
NHE,119
UTL,118
USP,118
RUD,118
THD,118
OAN,118
CIC,118
UNP,117
YOG,117
VAG,116
KAB,116
RDA,116
OBB,116
UAD,116
WAK,116
RFI,116
IUS,116
HRA,116
LUL,116
UKH,116
EWI,115
BVI,115
EUC,115
ULY,115
ODD,115
NIV,115
HLE,115
AOR,114
MPS,114
TUL,114
OSU,114
UER,114
ADR,114
UTR,113
NCA,113
AMU,113
NJO,113
DHE,113
GHL,112
EPP,112
TID,112
HAF,111
ILK,111
HRU,111
HDR,111
RML,111
DIO,111
KNI,111
MEX,111
LCO,110
TAP,110
OED,110
NNS,110
TUC,110
TMA,110
KLI,110
YRI,109
ITL,109
OBV,109
LUR,109
LTA,109
BEZ,109
KWA,109
EXH,109
FEV,109
IEU,109
POC,108
EBA,108
NTM,108
VIG,108
IGO,108
SKA,108
LNE,108
TAM,108
VOC,108
SFU,107
WAV,107
COI,107
DOG,107
HYD,107
EGG,107
XAT,107
UGA,107
HAW,106
SAK,106
USN,106
THW,106
FET,106
BMI,106
BBI,105
TOB,105
OAS,105
ATL,105
LPH,105
OBI,105
RBO,105
XIL,105
DFU,104
RLA,104
NAS,104
LRY,104
BTS,103
USK,103
NSY,103
SKY,103
ROE,103
ERB,102
EHA,102
TEG,102
ADH,102
ENF,102
HEC,101
TSO,101
AXE,101
HAK,101
PRU,101
OSA,101
SSF,100
ETL,100
SUT,100
YLV,100
XES,100
TOD,100
YWH,100
UMI,100
OVO,100
ARF,100
ABD,100
SHU,99
UPA,99
VAC,99
TUE,99
OLN,99
LUB,99
DST,99
SAS,99
REY,98
CKY,98
UCI,98
FYI,98
DYI,98
ENV,98
YFU,98
ALV,97
NKN,97
ACL,97
LEP,97
BID,97
TEU,97
ZUK,97
MNE,96
SFO,96
GGI,96
LEI,96
HTI,95
ESM,95
NNU,95
BIG,95
DSH,95
ARV,95
DJA,95
SPH,94
IKI,94
OAL,94
ENR,94
XIM,94
EUT,93
ASL,93
RHE,93
IFL,92
EFA,92
GAU,92
HIV,92
RLS,91
XAC,91
NPL,91
SEF,91
GHO,91
RCA,91
NIU,91
HTH,91
YIE,91
EXU,91
ABB,90
HFU,90
SFE,90
GEA,90
TSA,90
OFE,89
MBS,89
JER,89
GOE,89
DLI,89
VET,89
UPL,89
WNI,89
TFO,89
THL,89
FTS,89
NAD,89
VAD,89
GAS,88
OFA,88
LSI,88
HIB,88
UAN,88
HYL,88
OYF,88
DAL,87
ACA,87
RTM,87
UTO,87
URL,86
YLA,86
PAB,86
SNA,86
RTN,86
YDR,86
EMU,86
TUO,86
OTM,86
DAV,86
MEC,86
TIK,86
VEY,85
ITN,85
TCO,85
MIX,85
XVI,85
ROX,85
HOI,85
SHK,85
FTL,84
ITZ,84
HNE,84
KEY,84
JUM,84
LDN,84
BOI,84
ADF,83
URK,83
LYA,83
LDO,82
RAO,82
APR,82
TOI,82
PIO,82
RFS,82
BOG,82
XCH,81
NWA,81
TUP,81
FON,81
DIB,81
ESA,81
WFU,81
CEF,81
CKN,80
OGU,80
NUI,80
ONQ,80
GSE,80
PYR,79
OZE,79
DUN,79
KUL,79
PIG,79
NAU,79
AEL,79
RPS,79
LEB,78
BIS,78
LFI,78
ULF,78
XAS,78
ORU,78
KUR,78
RGY,77
TET,77
NRY,77
VEA,77
AWK,77
KIR,77
OFI,77
CAD,77
ZON,77
NFR,77
XPA,77
UKE,76
OCL,76
IRY,76
ISG,76
ONR,76
STH,76
FTH,76
SAU,76
CUB,76
UNH,76
OLF,76
HWE,76
LIU,76
AUZ,76
TAE,76
RAK,75
USY,75
RWI,75
WRA,75
YLI,75
UBA,75
RAH,75
VSK,75
IOG,74
EDR,74
AKS,74
SEH,74
OPA,74
SKU,74
NUO,74
TEW,74
EOV,74
HTY,74
NCU,74
NOE,74
SVI,74
BDO,74
XCU,73
ADN,73
EFR,73
OLT,73
ELU,73
AWF,73
LVI,73
RTR,73
XII,72
DAI,72
WET,72
FAU,72
RYW,72
EYS,72
OSO,72
COH,72
EUS,72
NRO,72
HKA,72
ZHE,72
YLE,71
RVO,71
PTS,71
JOK,71
HTF,71
EXO,71
NKA,71
AES,71
MOB,71
ESV,71
OYI,70
UET,70
MUD,70
MUM,70
OGY,70
TWA,70
RKN,70
TST,70
LEW,70
OMR,70
MRA,70
RIX,70
ANQ,70
CTF,70
UZE,70
AVR,70
UAG,69
CHN,69
NNY,69
UDS,69
INY,69
WRE,69
IDO,69
EDN,69
STM,69
BUY,69
LLN,69
LRO,69
LSA,69
IRU,69
CHY,69
GGR,69
XHA,69
AUM,69
PTY,68
TEF,68
EBL,68
DVO,68
PHR,68
LOI,68
AET,68
PSU,68
EDY,67
EGL,67
GGA,67
NOL,67
UNW,67
MBU,67
DUK,66
NBU,66
ALB,66
RYM,66
WEP,66
AYM,66
DOS,66
BAK,65
OYS,65
URM,65
EJO,65
BTE,65
OTR,65
GAP,65
ATF,65
UDA,65
UMU,65
FOC,65
ILU,65
UEE,64
REU,64
NIL,63
RMU,63
POM,63
VEX,63
ULN,63
FFS,63
SOP,63
EEB,63
DOT,63
OIT,63
EBE,63
NDK,62
DKE,62
KYL,62
LPE,61
NDY,61
EJE,61
UDL,61
VOY,61
CKO,61
THF,61
LNA,61
KOL,61
DOZ,60
WKW,60
LYT,60
TYL,60
ISD,60
WEY,60
ICR,60
TEB,60
UKO,60
MRS,59
SNU,59
KAN,59
TLA,59
TOT,59
UNR,59
AWL,59
MAX,59
ORZ,59
JOS,58
FFL,58
OFS,58
IBB,58
CKW,58
SEW,58
SHY,58
GOW,58
NSM,58
AKO,58
IPO,58
LFA,58
ENK,58
RYN,58
SHC,58
HCH,58
DAS,57
LAZ,57
HUD,57
IGM,57
XIT,57
GHS,57
UIV,57
VEH,57
GRU,57
RWO,57
AYA,57
GOU,57
NKY,57
RYL,56
DGI,56
ABY,56
IPI,56
PSI,56
ZZL,56
AUR,56
VUL,56
GHN,56
ISU,56
RAZ,56
WEB,56
AZA,56
OGA,56
PFU,56
YAZ,56
BBO,55
PUC,55
FRU,55
DUM,55
LIQ,55
FUE,55
RMC,54
LEL,54
OBO,54
JAW,54
AKN,54
IAC,54
LAX,54
MTE,54
TSM,54
ZOI,54
DAB,53
MAZ,53
LIR,53
GOS,53
GID,53
JEA,53
BNO,53
YTO,53
RZO,53
MCH,52
HOA,52
WSP,52
ISN,52
QUO,52
MCC,52
KIT,52
RCY,52
IVO,52
OYM,52
PTH,52
CCL,52
EBS,52
RSK,52
NIK,52
KAY,52
EIL,51
SEY,51
NOO,51
UNU,51
PSH,51
RDO,51
UNB,51
LOB,51
PAD,51
EAF,51
EKE,51
EOL,51
BSI,51
XTH,51
PHL,51
OHO,51
GUC,51
RKO,51
MPF,51
SDA,50
DOF,50
OET,50
AUC,50
ONM,50
RSP,50
SEU,50
ALG,50
OGS,50
CDO,50
XXI,50
PHT,50
LYU,50
GIB,49
ASN,49
ONJ,49
AKA,49
LUA,49
HEW,49
UGL,49
LCU,49
NRE,49
MNS,49
EEA,49
EWO,49
ACO,49
DQU,49
OMT,49
PFI,49
XIE,48
RGR,48
POE,48
SOD,48
NOP,48
LAK,48
MAP,48
ANW,48
UPU,48
ROH,48
MOA,48
APU,48
OEA,48
OLG,48
OHE,47
ULG,47
PTL,47
TMO,47
NDF,47
UVE,47
CHL,47
STW,47
LTR,47
LGO,47
LUG,46
NIQ,46
UZZ,46
NYW,46
EBY,46
OTC,46
FEB,46
ESN,46
RPA,46
OIR,46
IZO,46
BAY,46
YEE,46
DHO,46
ADQ,46
YRO,46
HEU,46
ELC,45
LHO,45
JAN,45
NAK,45
ANL,45
NWH,45
RNL,45
HNI,45
LGI,45
SEO,45
GAY,45
KRE,45
RUK,45
GIL,44
DGM,44
KLA,44
NEZ,44
MNI,44
UAB,44
DDY,44
AHE,44
EYR,44
ZAR,43
EKI,43
DWA,43
ZLE,43
BDU,43
VOK,43
LUX,43
TNI,43
OSY,43
DAC,43
CYL,43
DEW,43
POV,43
BRY,43
FOE,43
RPT,43
ZMI,43
AKC,43
KCH,43
XEE,43
DLO,42
PSY,42
ZEA,42
EYI,42
HWA,42
EWL,42
EDA,42
SOA,42
AGM,42
ABN,42
ULU,42
TLO,42
AYO,42
UBO,42
KAL,42
YNX,42
AGS,41
YMA,41
SKS,41
ULP,41
WNW,41
AXA,41
LMI,41
WIP,41
LDH,41
XUD,41
BTL,40
ISR,40
AWE,40
TAU,40
ODN,40
BIE,40
PWA,40
HIF,40
YEB,40
BEW,40
WOK,40
FNE,40
FUG,40
AWO,40
MLE,40
YPI,40
CAE,40
RGH,40
SSM,40
PNE,40
URU,40
SAE,40
VRU,40
LKS,39
KRA,39
CAC,39
WIR,39
PUF,39
LOF,39
EUV,39
UPW,39
UNY,39
ALH,39
RUA,39
GIE,39
LBU,39
APL,39
YMO,39
SMU,39
ACD,39
LAE,39
SEB,39
AIV,39
RAX,39
IKO,39
KUZ,39
NLO,38
LGE,38
SGU,38
COF,38
MOP,38
LPI,38
DAW,38
OQU,38
GOA,38
EEZ,38
PUP,38
OGG,38
UPY,38
CKA,38
XIV,38
KID,38
EEH,38
MCK,38
SSN,38
LUP,38
EBI,38
LLR,38
UZM,38
COD,37
BIO,37
JEW,37
KIA,37
OBU,37
AKF,37
KFA,37
BUM,37
UIP,37
PYA,37
LCI,37
EML,37
ZAN,37
RBU,36
GHA,36
RPH,36
FIA,36
NUC,36
CET,36
SGR,36
VAB,36
ULM,36
RPU,36
SKO,36
OFU,36
YCE,36
ARU,36
YAS,36
BMA,35
DNI,35
EZE,35
IGG,35
UNO,35
DWE,35
DOV,35
XHI,35
LMA,35
LYC,35
EIS,35
EZI,35
OYO,35
JAP,35
BUO,35
YAE,35
OXY,35
HLA,35
UHL,35
DNO,35
XAG,34
KMA,34
CUN,34
OXE,34
SLU,34
ZES,34
CAG,34
BIC,34
UTB,34
TUF,34
SHL,34
WAD,34
STN,34
FFN,34
NWE,34
EOC,34
BAM,34
LGR,34
WDS,34
LLM,34
EOD,34
MYC,34
KHI,34
RMF,34
TEI,33
ECY,33
HOK,33
WYE,33
IML,33
YDA,33
ONU,33
LFU,33
BSU,33
DTH,33
XTI,33
ILG,33
UTP,33
RSY,33
XOS,33
LST,32
DEX,32
NOY,32
WAX,32
XOR,32
YCO,32
NRI,32
KEW,32
EDM,32
EOF,32
OAG,32
UON,32
ILN,32
BBL,31
LPL,31
PST,31
HLO,31
YPO,31
BUF,31
SDO,31
UCL,31
RKM,31
TPO,31
LCA,31
RFL,31
YNE,31
LLF,31
MLI,31
CEO,31
TSY,31
HNA,31
GEY,31
VRA,31
OZH,31
BUC,30
UBU,30
JON,30
OSM,30
XTY,30
ZER,30
NWO,30
ZUR,30
NHO,30
EBU,30
GNT,30
HIZ,30
YMM,30
HWO,30
TZE,30
EGN,30
LKA,30
EGM,30
YRE,30
ISY,30
KOY,30
YSK,30
OYL,29
CIG,29
ELM,29
CHF,29
NGD,29
GDO,29
AWY,29
IEK,29
ESD,29
BOM,29
TYR,29
GST,29
GEE,29
KIE,29
KAD,29
HTT,29
RTF,29
EUD,29
CIB,29
DJO,29
NSL,29
KNA,29
HTU,29
NEP,29
KHT,29
SRE,28
RYD,28
NBR,28
NGY,28
FFB,28
FBO,28
ATN,28
FOG,28
GHR,28
LML,28
YTI,28
XUR,28
HTN,28
NIP,28
TAH,28
AHO,28
TTP,28
EYA,28
PUD,28
EVU,28
YKA,28
VYA,28
MAV,28
SYA,28
SEX,27
RKL,27
AKH,27
GIG,27
GGY,27
PYI,27
OTL,27
RDY,27
UOT,27
TOK,27
JOL,27
KSH,27
HOG,27
DAK,27
LOQ,27
GOM,27
ONW,27
INB,27
VUS,27
CUI,27
ECS,27
CST,27
GDA,27
DOK,27
ZHA,27
BBY,26
UNM,26
ZEM,26
NDN,26
COB,26
TUG,26
UEF,26
NUN,26
PEW,26
AMN,26
EWC,26
GIF,26
JUG,26
INM,26
SHN,26
SIU,26
ANH,26
OKO,26
NEB,26
YOM,26
MUE,26
OWH,26
MSO,26
OGD,26
GYP,26
PSO,26
RYE,26
MYO,26
OXA,26
DEI,26
EVS,26
DWI,25
STC,25
SSY,25
UOR,25
DFA,25
ENH,25
NYI,25
NGO,25
OEV,25
RQU,25
WCO,25
TOY,25
NWI,25
SVE,25
LYZ,25
KOT,25
IPM,25
ILR,25
EMM,25
FOX,25
CHW,25
ONK,25
XIA,25
OSL,25
SEG,25
HYR,25
EOI,25
MSC,25
AZM,25
MOZ,25
BOH,24
UBI,24
XAL,24
EWY,24
UXU,24
ARQ,24
ECC,24
ILM,24
OKL,24
UPH,24
YRA,24
NAW,24
NBA,24
ZUE,24
GLU,24
YGE,24
CHT,24
SUV,24
VOD,24
ODK,24
DKA,24
XTU,23
MNL,23
ESQ,23
FAD,23
OTU,23
WIG,23
FEI,23
TAV,23
IBA,23
MEF,23
VOW,23
CUE,23
PIU,23
DDA,23
HNS,23
NUB,23
POD,23
PSA,23
LAF,23
IEG,23
YNC,23
IXI,23
AEN,23
BAZ,23
IAP,23
XID,23
HOF,23
NYC,23
XUS,23
HMI,23
UVO,23
OLZ,23
LZO,23
ZOG,23
PHS,22
THM,22
NGH,22
ULK,22
ENY,22
ENZ,22
IZZ,22
NVU,22
UGI,22
MNA,22
UCR,22
EGY,22
XXV,22
NHI,22
PAM,22
WIE,22
RNF,22
GOC,22
ATG,22
TGU,22
XYG,22
HYT,22
LMS,22
IEM,22
MYX,22
YXO,22
LMU,22
UTZ,22
MFU,22
MAB,21
FWA,21
EIP,21
HUB,21
EEF,21
NMA,21
FEG,21
PUZ,21
SFY,21
UBD,21
EPF,21
PFA,21
NYB,21
YLL,21
CKG,21
KME,21
HAZ,21
SOW,21
WLI,21
UGS,21
DEQ,21
AZU,21
IOW,21
ROZ,21
HYM,21
BTF,21
XEM,21
OGO,21
VOM,21
IAE,21
MEB,21
VNI,21
REZ,21
DUB,20
BUD,20
YIS,20
RMN,20
FUM,20
EPY,20
DAZ,20
WRY,20
WWW,20
AII,20
CHS,20
XIX,20
LBA,20
CIZ,20
EOG,20
HST,20
LYP,20
AYN,20
NPO,20
WDI,20
TIQ,20
MSH,20
TGE,20
FOM,20
XAE,20
OOV,20
DYL,20
BCL,20
YPS,20
ZMA,20
LFW,19
ONP,19
RNW,19
WIV,19
DAD,19
UPB,19
TGA,19
TBU,19
BUZ,19
RDN,19
MYT,19
SKL,19
RWH,19
YLU,19
YZE,19
YMB,19
AER,19
FOS,19
NJA,19
EWD,19
RHY,19
SDI,19
RYC,19
UTF,19
CHD,19
SYR,19
RNU,19
EOB,19
OYK,19
IZH,19
CAI,18
CIM,18
DLA,18
URH,18
DSM,18
UTM,18
YHO,18
LGA,18
NRA,18
EKL,18
SOT,18
BUB,18
BIB,18
RTG,18
MMY,18
ODL,18
USO,18
FAB,18
NSV,18
AYF,18
FEU,18
JAY,18
IPU,18
ENM,18
XHO,18
NEQ,18
HDU,18
PIA,18
CTY,18
XOM,18
EZH,18
YUK,18
MML,18
YLY,17
SAX,17
PAW,17
JOB,17
WRU,17
ORF,17
UTW,17
HOB,17
SNI,17
COE,17
DEO,17
XPI,17
IMN,17
YDE,17
DAP,17
INR,17
ILB,17
YSA,17
DUG,17
TNU,17
RDR,17
RUR,17
LAH,17
DMO,17
YPT,17
CTM,17
CUA,17
NTG,17
KOS,17
RNY,17
SPY,17
HUE,17
OBR,17
OZI,17
PEU,17
IBS,17
LDT,17
KOC,17
KOZ,17
OZL,17
ZLO,17
AUE,17
ZNA,17
ATZ,17
NDW,16
CKM,16
TYI,16
DEU,16
CYC,16
YCL,16
INW,16
VEG,16
EWR,16
CUO,16
GHW,16
TBR,16
KAT,16
DUO,16
YSH,16
ESB,16
UEA,16
ADT,16
RHI,16
AZY,16
MUG,16
UNJ,16
UAC,16
IZU,16
KAS,16
KAM,16
PGL,16
OOZ,16
VLA,16
TVE,16
AZH,16
YAK,16
NOG,15
OOH,15
ODF,15
LBE,15
STP,15
PKI,15
TUI,15
LKY,15
VRE,15
WIM,15
ESY,15
EJU,15
ETF,15
RUF,15
CAK,15
FOW,15
WAM,15
HAC,15
ZZI,15
AFA,15
DMA,15
UYI,15
WYO,15
DFO,15
GIZ,15
TCA,15
OWB,15
ORH,15
UCU,15
UEV,15
RPI,15
CYR,15
MOW,15
IRP,15
ANZ,15
BUG,15
UAM,15
IDT,15
YOS,15
RVY,15
UVA,15
MFE,15
BUX,15
ZAK,15
AIE,15
NVY,15
AWH,15
LNI,15
SOK,15
ZHI,15
YUL,15
XXX,15
HUC,14
JAB,14
EJA,14
XFO,14
FFY,14
NAH,14
EFY,14
AYB,14
BAI,14
SWU,14
WUN,14
XTO,14
GAB,14
DIZ,14
DUP,14
NMI,14
OTY,14
ODR,14
EUN,14
LIH,14
ZAB,14
GAD,14
NGM,14
AGL,14
CZE,14
NZA,14
CCH,14
CYA,14
HYO,14
YNA,14
WOS,14
WNC,14
WOV,13
VON,13
YAW,13
GYM,13
ESK,13
AMY,13
OEU,13
IHO,13
RMT,13
MTH,13
PBO,13
MEH,13
RDU,13
EFS,13
KAG,13
UDO,13
UTD,13
YNI,13
DIX,13
YAG,13
PBU,13
PKE,13
AHA,13
OAM,13
WBO,13
TPU,13
TFL,13
PHU,13
BIV,13
PEG,13
DYN,13
DDU,13
MIM,13
NTZ,13
MYA,13
KSI,13
OWF,13
AZZ,13
UXH,13
RZH,13
LKH,13
AQU,12
TOA,12
HEP,12
NYH,12
ADW,12
OXF,12
YWE,12
NPA,12
SGI,12
UVR,12
NPR,12
OUV,12
AUX,12
EWN,12
DSI,12
LUF,12
WLS,12
SBY,12
WNY,12
CKH,12
LIL,12
LYN,12
NOX,12
DMU,12
JAI,12
UEB,12
KTO,12
VOS,12
OEM,12
THH,12
AAR,12
WAB,12
TEH,12
FTN,12
DAH,12
NYM,12
MPY,12
PYE,12
HYG,12
SYC,12
VAP,12
WSK,12
VEO,12
APK,12
VEW,12
OUA,12
UFT,12
AZD,12
IEZ,12
HKO,12
KVA,12
CII,11
RSD,11
NTN,11
CUF,11
DEJ,11
ZLI,11
COQ,11
PIK,11
CUD,11
IDW,11
GMA,11
PEF,11
EBB,11
KIC,11
KGR,11
OLB,11
RBL,11
XON,11
HUL,11
AYT,11
OWR,11
PUG,11
KRO,11
OFR,11
ECD,11
PAX,11
AXS,11
XSO,11
OGL,11
TSB,11
GAC,11
LFT,11
BBA,11
THC,11
AWR,11
KRU,11
FSE,11
OBN,11
OYN,11
OER,11
NGN,11
SFR,11
JEN,11
CEW,11
BNE,11
YEM,11
LBL,11
AVU,11
JAU,11
MIO,11
BIF,11
YNG,11
XYS,11
EOT,11
BJA,11
TZI,11
KRI,11
JIN,11
BSK,11
WNH,11
HTC,11
YEV,11
ZDE,11
HEG,11
OSK,11
WNL,10
XTS,10
BAF,10
DFR,10
BOB,10
OPK,10
CTN,10
DOX,10
DDS,10
NZY,10
KLU,10
OYD,10
AXO,10
SEK,10
CAF,10
GGS,10
YFO,10
ZIL,10
RNT,10
UAS,10
YAB,10
UAK,10
HCO,10
NKR,10
BTO,10
CZA,10
ULB,10
MCM,10
CMA,10
VOG,10
SRU,10
TAD,10
OAP,10
SSP,10
ELG,10
YGR,10
HYA,10
YOL,10
ECZ,10
VIB,10
STF,10
WUR,10
LUO,10
RZA,10
WSI,9
RBS,9
VIZ,9
RGL,9
CLY,9
ABM,9
EDW,9
OTP,9
GUO,9
NWR,9
AUB,9
NGF,9
NUG,9
ADG,9
DYS,9
EYF,9
HMO,9
TDO,9
YWA,9
CKR,9
MUZ,9
KOU,9
HTM,9
WSL,9
RDW,9
SOE,9
TYS,9
TBO,9
BAP,9
MOG,9
IPB,9
OTW,9
ACS,9
AXP,9
EUP,9
SDE,9
SSH,9
RKT,9
TSP,9
NMO,9
CIU,9
XUL,9
BYS,9
AFL,9
UNQ,9
TFI,9
NDH,9
OKA,9
GIU,9
DAE,9
GHY,9
EDC,9
DEH,9
NZE,9
IOX,9
ALN,9
WOB,9
UMY,9
SRA,9
NKO,9
HKI,9
ERZ,9
NYS,9
SKV,9
MSY,8
ZET,8
HEB,8
OAF,8
RSC,8
OOE,8
IAH,8
RDB,8
DBO,8
GIP,8
TPA,8
VAU,8
MUF,8
JET,8
ILF,8
HUF,8
YBE,8
MAU,8
OSH,8
JAR,8
UGN,8
UQU,8
TIU,8
FTW,8
YEO,8
ISB,8
EDF,8
YOK,8
SSR,8
SRO,8
NDD,8
PTC,8
HAO,8
AOS,8
HHE,8
MIF,8
IHI,8
XIB,8
FOA,8
AZO,8
EYL,8
JEL,8
HHO,8
KOF,8
CNE,8
EOS,8
JUI,8
XUA,8
AXY,8
IXA,8
EHY,8
ICC,8
FSP,8
GRM,8
LNU,8
UTG,8
ZEL,8
LPF,8
HNO,8
EUX,8
OWY,8
KHE,8
ZUB,8
WOW,8
BWI,8
JOC,8
EKO,8
DSE,8
OIF,8
PSK,8
SUK,8
TKA,8
YUS,8
ZHO,8
UZA,8
NNK,8
VKA,8
RTT,8
ZHN,8
CHK,8
PDA,7
OOI,7
ISQ,7
PAE,7
AED,7
BYE,7
BYR,7
FOI,7
NOF,7
AWB,7
JOV,7
OEE,7
SHB,7
RDH,7
LPS,7
DOD,7
NAY,7
WDL,7
THN,7
DNA,7
EXQ,7
XQU,7
MAH,7
BWE,7
NDP,7
DPO,7
KGU,7
TXT,7
YSB,7
IPR,7
XEN,7
BDI,7
USQ,7
LOE,7
OLP,7
CHB,7
ITF,7
LFE,7
XPU,7
AIC,7
RSM,7
UBV,7
BVE,7
GOY,7
LFO,7
CAY,7
VEE,7
EVY,7
BUK,7
TNO,7
ZEB,7
HDA,7
GEC,7
LYG,7
RFR,7
YSS,7
GWI,7
RMW,7
MWO,7
PUM,7
NDB,7
ATV,7
IBO,7
MBN,7
XCR,7
NAF,7
TGR,7
LDA,7
RKH,7
RGN,7
SBE,7
ZUM,7
KHR,7
OFK,7
FKR,7
GSR,7
NUD,7
YKO,7
FWO,7
NBO,7
WEC,7
DYA,7
FOD,7
AYK,7
PAK,7
OVK,7
VOZ,7
OZD,7
ZDV,7
IEP,7
ZDR,7
DRZ,7
DOY,6
OMN,6
WNB,6
EDT,6
ENW,6
IDY,6
TFA,6
DWR,6
PBR,6
RKY,6
UBY,6
XCA,6
ANV,6
HEF,6
IRB,6
TAW,6
EPM,6
PMO,6
BTR,6
GEB,6
WTO,6
UGM,6
NKF,6
BME,6
NHU,6
NDT,6
OHA,6
MRO,6
DYE,6
ADC,6
NLU,6
KSG,6
LPO,6
TCY,6
JEO,6
TOF,6
DBU,6
KWO,6
AML,6
AMD,6
MDE,6
BEV,6
YZI,6
HLI,6
NIH,6
KOR,6
YGA,6
WIZ,6
KEF,6
UGW,6
GWU,6
ANF,6
LCH,6
EUG,6
VYI,6
IAZ,6
UKR,6
NIB,6
LGU,6
ZOR,6
REX,6
HYX,6
YXI,6
DCL,6
YSP,6
PNO,6
OSQ,6
BIP,6
HEX,6
UOD,6
UMF,6
XUB,6
OZO,6
IKU,6
AIX,6
ONZ,6
EMK,6
MKI,6
AUV,6
PWO,6
YBR,6
EPN,6
PNI,6
LEZ,6
ITK,6
TWY,6
LAL,6
KAZ,6
YAU,6
UHO,6
ABV,6
KLO,6
YUC,6
UBR,6
ZAA,6
UPD,5
AFI,5
BIZ,5
LYO,5
WBA,5
OTF,5
RMH,5
MHO,5
LPR,5
DHA,5
TSD,5
COY,5
MSI,5
KIM,5
DJE,5
AWD,5
OLC,5
UCY,5
TSH,5
MSP,5
FTP,5
EBC,5
GDP,5
EWT,5
MWE,5
EWB,5
UTN,5
HBI,5
DCA,5
BOE,5
DDO,5
LSH,5
MPM,5
UMT,5
FAY,5
WFO,5
KFU,5
ODT,5
IGY,5
OTN,5
UNV,5
SBO,5
GGO,5
LDW,5
THP,5
HBU,5
BUE,5
ITM,5
SHV,5
HVI,5
IRN,5
IRK,5
LEH,5
WUM,5
PEK,5
AIZ,5
IIA,5
EID,5
KAI,5
VEC,5
RUZ,5
COX,5
DGK,5
GKI,5
LKM,5
GNU,5
AEC,5
ACN,5
YOC,5
LOL,5
ULV,5
ELH,5
LHI,5
SPN,5
POG,5
PAQ,5
SPS,5
PEP,5
DBA,5
GSI,5
IOP,5
UKA,5
LSY,5
YSO,5
MIU,5
KEI,5
NOA,5
BAU,5
KWH,5
EAH,5
OWW,5
HBR,5
WKE,5
AMR,5
VEV,5
DCH,5
PRZ,5
RZE,5
NTW,5
OFL,5
SSW,5
VAY,5
INX,5
HYN,5
EYK,5
HIK,5
YEF,5
PUK,5
SUH,5
GOB,5
OKR,5
REK,5
ILH,4
OUE,4
EKB,4
KBO,4
BTI,4
BEQ,4
SHF,4
OKY,4
ETN,4
DCU,4
RWE,4
ZAC,4
UAV,4
BJU,4
NKM,4
ZIE,4
ODC,4
GMO,4
ZIG,4
PRY,4
JEM,4
ERJ,4
KSM,4
EYM,4
OUQ,4
YLS,4
CYN,4
YNT,4
FAX,4
DVS,4
VSH,4
ZIP,4
TML,4
POB,4
BCD,4
CDI,4
PGD,4
ACM,4
BYT,4
EWP,4
WPO,4
LSW,4
MOH,4
HUY,4
EGH,4
NCK,4
ULW,4
CHC,4
LRI,4
DSD,4
TGO,4
OWP,4
MFI,4
CCR,4
OBD,4
ABC,4
APN,4
YDO,4
AHS,4
OCQ,4
OUX,4
KIP,4
AWT,4
UYE,4
KUP,4
LOH,4
KST,4
PEX,4
RCR,4
ZEC,4
OWM,4
WME,4
EPB,4
XOT,4
OEN,4
WNF,4
ZOO,4
SEZ,4
ELK,4
ESL,4
RLT,4
MEU,4
UGO,4
BEK,4
MPK,4
WBY,4
XIF,4
HII,4
EHR,4
HRL,4
PUE,4
BMU,4
RMP,4
VAE,4
IOI,4
OEX,4
MAE,4
NID,4
FUC,4
PEZ,4
ZIU,4
AFN,4
CYG,4
YMN,4
SHW,4
LDB,4
OEL,4
SCY,4
WAF,4
UOS,4
SOY,4
MIZ,4
DWO,4
TTU,4
AGH,4
ODH,4
WSH,4
WUS,4
WOT,4
FWI,4
WWO,4
WAC,4
ONB,4
LUK,4
LSK,4
HUK,4
TTH,4
LTZ,4
OGW,4
GWH,4
YSZ,4
SZE,4
ZEW,4
HAH,4
RGS,4
GNB,4
OUZ,4
EAW,4
TYE,4
KNU,4
HEK,4
ONH,4
KHV,4
HVO,4
PWI,4
ZAY,4
YMI,4
TTG,4
LFR,4
KMU,4
MUH,4
RKU,4
KUN,4
NFT,4
CHH,4
WRN,4
RNP,4
NPC,4
DEZ,3
ABH,3
BHO,3
ATK,3
LSC,3
LHE,3
EIC,3
KEM,3
GEW,3
IPW,3
PWR,3
OAX,3
LLD,3
GHF,3
HFA,3
DUI,3
NDC,3
ODW,3
ALZ,3
GFU,3
TCR,3
IPC,3
PCO,3
GAO,3
AOL,3
JOT,3
YRD,3
KGA,3
CEY,3
CKT,3
KTI,3
MOY,3
ISJ,3
SJE,3
BBU,3
AUP,3
TPH,3
HSO,3
RJE,3
DSC,3
RSF,3
TPE,3
IAD,3
IFA,3
FFH,3
FHA,3
LLB,3
XTB,3
YFL,3
OMW,3
KFO,3
HEQ,3
NSS,3
GFI,3
UYL,3
UEH,3
HFI,3
IPY,3
HCR,3
OLH,3
UIA,3
WPE,3
EUB,3
DYW,3
YWI,3
SOJ,3
OJO,3
WDO,3
WYT,3
MCL,3
EIM,3
GOG,3
JEE,3
HPL,3
ISV,3
AWM,3
LYL,3
HWI,3
FTA,3
URZ,3
IGL,3
HMU,3
RDT,3
OOG,3
XCO,3
GFE,3
IRV,3
RDM,3
KSB,3
PEM,3
CAH,3
VAK,3
JIM,3
YEN,3
MEV,3
UOY,3
BIM,3
KYO,3
UEZ,3
WLA,3
NZI,3
WSU,3
YDI,3
TMI,3
MAW,3
TEZ,3
OSN,3
FRY,3
JAZ,3
UAY,3
HUA,3
VIK,3
LBR,3
TDA,3
OEB,3
IOC,3
LYV,3
YVA,3
YNU,3
MIP,3
IUR,3
JUV,3
BIU,3
DWY,3
APY,3
BCA,3
FMA,3
OPF,3
OVU,3
YPU,3
NSG,3
PYL,3
GWO,3
FAH,3
EXL,3
LVU,3
YGO,3
SCS,3
ASD,3
XOP,3
YOI,3
PEB,3
MFL,3
OCN,3
BTU,3
LVO,3
IVY,3
KOP,3
RKB,3
KBA,3
YEZ,3
ARW,3
UEU,3
ETB,3
OKC,3
KCA,3
SSK,3
SKN,3
UIO,3
HOY,3
BWO,3
AHD,3
BAH,3
WEG,3
BWU,3
GEH,3
IGW,3
JUA,3
OUH,3
WSY,3
DGY,3
KOB,3
ELN,3
OVG,3
VGO,3
RBR,3
OLR,3
FEO,3
EOK,3
WBE,3
FOK,3
GWA,3
LYR,3
CAW,3
OYH,3
LPT,3
KHN,3
EVR,3
UOI,3
AFY,3
LMN,3
UIZ,3
VIF,3
EKM,3
NDQ,3
TPR,3
MOF,3
TYK,3
UZH,3
PMA,3
BYA,3
KNY,3
AZK,3
ZKO,3
BAV,3
VYD,3
WOF,3
OTB,3
FIM,3
LYE,3
NPU,3
GSO,3
RHU,3
OVL,3
VLE,3
DOB,3
CKD,3
KDA,3
RBY,3
WOP,2
ZEK,2
NIR,2
ASF,2
AFG,2
FGH,2
DIH,2
FAG,2
KSU,2
JAG,2
THB,2
HBE,2
EYH,2
UVI,2
ABJ,2
OIE,2
DCO,2
MSB,2
IGZ,2
GZA,2
ZAG,2
DSL,2
EPD,2
PIQ,2
OSV,2
YEG,2
OBW,2
HEH,2
JEP,2
JOW,2
OCS,2
CMI,2
FSH,2
ANR,2
YVE,2
OAH,2
YNN,2
WSB,2
RYP,2
TDI,2
RCT,2
IWA,2
KEG,2
PEQ,2
WKS,2
EUF,2
DUQ,2
OYC,2
ODB,2
WIB,2
UDU,2
RPN,2
GSH,2
BCO,2
ATB,2
IVU,2
RTW,2
THQ,2
HQU,2
SYD,2
YDN,2
WAU,2
AUK,2
BUQ,2
BWA,2
OIX,2
UCS,2
CSO,2
UEC,2
JAS,2
EIH,2
IHA,2
YRU,2
MCD,2
CDU,2
DUF,2
OGM,2
AKU,2
UMV,2
MVE,2
LSM,2
YUM,2
UPK,2
WMI,2
SMY,2
IXO,2
ILC,2
LUZ,2
ZLY,2
RLW,2
LWI,2
NIX,2
IHU,2
PTR,2
EZZ,2
AKR,2
TCI,2
LYD,2
RNH,2
LSD,2
ARX,2
YND,2
RAJ,2
GNY,2
MIH,2
HOH,2
NZO,2
ZOL,2
EDJ,2
SAA,2
GBN,2
HTO,2
MOE,2
LFF,2
FAE,2
MUI,2
WSO,2
LSU,2
WKI,2
ZYM,2
LKW,2
UBP,2
BPE,2
UBN,2
HCA,2
YGI,2
TYM,2
POX,2
SKR,2
JIG,2
VIP,2
FFM,2
KEO,2
EXS,2
XSI,2
AMW,2
UMC,2
MCI,2
BSY,2
CCY,2
NGW,2
PFE,2
XLY,2
ZYG,2
RSL,2
DBE,2
AVV,2
AKL,2
PIM,2
ODM,2
EXF,2
ZOE,2
CUC,2
KYP,2
LLP,2
UXT,2
HPE,2
AIA,2
GRS,2
RYZ,2
YZO,2
MEI,2
EUL,2
SSB,2
DZI,2
VOV,2
WNU,2
NUP,2
YBA,2
VEZ,2
LZE,2
CWE,2
UHS,2
CWO,2
EHM,2
MIW,2
TWU,2
MSK,2
IWO,2
EUE,2
IEB,2
BCH,2
ETZ,2
UKI,2
CHP,2
ZZE,2
XLE,2
DOH,2
OHK,2
HKT,2
KTU,2
RRR,2
OSJ,2
DEK,2
OFY,2
VRI,2
OKT,2
ASG,2
GTI,2
HBA,2
OVY,2
ARZ,2
JEU,2
GWE,2
SVA,2
NCS,2
ECQ,2
GEZ,2
RLP,2
RLH,2
IRH,2
FAW,2
YAD,2
YUI,2
HYI,2
IKA,2
AYU,2
CME,2
IVT,2
VTS,2
OLW,2
LWO,2
NYU,2
AGD,2
KOM,2
WOE,2
KAV,2
YGL,2
RYK,2
RUO,2
DYG,2
YGU,2
UDR,2
EKN,2
LEK,2
WAH,2
WUI,2
WUD,2
OTK,2
TKU,2
WLO,2
OUK,2
WAP,2
YGN,2
VST,2
FEY,2
KHU,2
VOE,2
LOZ,2
LTP,2
SNY,2
ZIC,2
EZS,2
ZSK,2
EYB,2
GOZ,2
ZHS,2
HSK,2
ELR,2
FYE,2
KOW,2
ZZY,2
UZI,2
OIQ,2
OFN,2
YKH,2
VUT,2
AKY,2
AYD,2
AUH,2
UHA,2
GNM,2
TFE,2
WUT,2
OTG,2
ZAL,2
RCK,2
TBA,2
GUY,2
ENQ,2
YAC,2
JOE,2
AFO,2
CEC,2
DDH,2
POF,1
TKI,1
SOG,1
LSB,1
OSW,1
OOC,1
TSR,1
BIJ,1
IJO,1
UMD,1
MDR,1
TPI,1
DTI,1
RSG,1
SGA,1
MCF,1
CFA,1
LZA,1
UEM,1
YTA,1
FIZ,1
KYA,1
BAX,1
AXT,1
CUV,1
RJO,1
SYB,1
AJA,1
SDR,1
JEZ,1
EZA,1
ZAI,1
STB,1
FOP,1
KTA,1
NII,1
MCQ,1
HTP,1
AYW,1
SJU,1
RTC,1
PMB,1
UAW,1
RFD,1
FDO,1
TUY,1
UYV,1
GEI,1
YLK,1
DOA,1
IMR,1
YEI,1
TSW,1
WBU,1
GHK,1
HKE,1
WDU,1
EUI,1
LIJ,1
IJA,1
JAH,1
LIX,1
MPD,1
PDE,1
NIW,1
PIZ,1
NTC,1
NDG,1
DGR,1
EWF,1
GMY,1
TYN,1
MNY,1
UXI,1
NTF,1
MLA,1
TNA,1
IRF,1
TWR,1
NSD,1
WMA,1
NRU,1
ENP,1
OJI,1
JIB,1
IBW,1
YOT,1
BEX,1
XAR,1
KEA,1
WDN,1
BYW,1
YFA,1
WTU,1
WCA,1
VEJ,1
JUB,1
DGW,1
PSW,1
LUV,1
AGY,1
GYA,1
YRS,1
KAK,1
URW,1
GDE,1
EKA,1
ERQ,1
KOH,1
FJO,1
NGK,1
GKO,1
KYW,1
LTG,1
DBI,1
MEY,1
IUO,1
UOK,1
MEZ,1
UIX,1
THT,1
EZY,1
LWE,1
FOT,1
WBR,1
DSU,1
HBY,1
UBW,1
IMK,1
MKE,1
RXI,1
YID,1
ZAP,1
JEV,1
UXE,1
RNB,1
MBF,1
BFO,1
NTD,1
TVI,1
EKK,1
KKE,1
EEX,1
BEU,1
LTD,1
OHY,1
UEO,1
CEB,1
LPY,1
PYN,1
YCT,1
OEI,1
EIA,1
HSI,1
WIO,1
YMS,1
LII,1
MSA,1
ZEE,1
OGH,1
CTH,1
OEC,1
UVU,1
YPA,1
IHY,1
XYD,1
MPB,1
PBE,1
MBK,1
BKI,1
PFO,1
VUM,1
OZA,1
ZAE,1
NBI,1
HNH,1
EXY,1
AJU,1
NAZ,1
PIB,1
PUY,1
UYT,1
YTR,1
SOH,1
YMU,1
VVI,1
EUK,1
KAE,1
CMS,1
YPN,1
KII,1
OMJ,1
MJE,1
BDE,1
HIU,1
BCR,1
EIF,1
XIP,1
DGO,1
ICZ,1
UXA,1
YLM,1
JAF,1
MLL,1
ARH,1
ADZ,1
ZIV,1
RNN,1
SYG,1
HPI,1
KUS,1
SST,1
UZY,1
UFR,1
OIG,1
HSA,1
OIB,1
IGT,1
GTA,1
RLB,1
PPS,1
PAH,1
AHL,1
YFE,1
RIR,1
HFO,1
AVW,1
VWU,1
FOH,1
BYK,1
PUA,1
PUH,1
HSE,1
UAH,1
AHT,1
WYB,1
WUE,1
WUC,1
INZ,1
LDG,1
DGL,1
LKU,1
KUM,1
ZIK,1
LLT,1
ZID,1
OOO,1
WDA,1
CHG,1
HGE,1
VRB,1
RBN,1
BNA,1
YEU,1
EDV,1
HPA,1
ZIS,1
WFL,1
IKT,1
BYH,1
YRL,1
VEB,1
LYB,1
RTZ,1
TNY,1
PPW,1
AXL,1
SHP,1
HPR,1
CKB,1
KBI,1
OFM,1
YAY,1
YUR,1
KAF,1
SJO,1
LTL,1
WEF,1
WOC,1
RUH,1
TFR,1
LFL,1
ZUW,1
UWK,1
WKA,1
AIW,1
IWY,1
AAH,1
LPM,1
IEE,1
BBR,1
KIB,1
TZK,1
ZKI,1
AFW,1
EGW,1
SUW,1
UWY,1
NKP,1
KPO,1
VUE,1
EIB,1
NXE,1
LMY,1
WSM,1
GUF,1
IMF,1
CYW,1
YWO,1
KOK,1
ZAZ,1
ZDZ,1
ZOZ,1
ZOW,1
OYV,1
JAD,1
LFH,1
FHO,1
UPF,1
ZAV,1
RZI,1
YUB,1
CKC,1
KCR,1
WPA,1
AEA,1
FEZ,1
LTF,1
CEU,1
CYM,1
UTV,1
TVY,1
SSV,1
DYK,1
YKI,1
AHR,1
MYR,1
VVY,1
GSB,1
SAQ,1
PYG,1
VNO,1
LIY,1
IYA,1
DTS,1
ASQ,1
OOB,1
OBY,1
NSN,1
CKF,1
PYS,1
OCW,1
CWA,1
SCW,1
CWI,1
EPW,1
ECW,1
CWU,1
RDP,1
DPL,1
ALQ,1
LQU,1
HDO,1
USV,1
SVY,1
MMM,1
WEW,1
UEW,1
UML,1
USM,1
JOA,1
CKU,1
CAJ,1
OXC,1
EGT,1
ZWE,1
RLU,1
NEH,1
GDR,1
MPN,1
ORV,1
YFI,1
GIQ,1
VEU,1
SRS,1
KUD,1
DBY,1
ADB,1
RKR,1
TSS,1
UYA,1
PUI,1
GTE,1
DUD,1
KIK,1
NPE,1
EMG,1
MGA,1
LLC,1
DIW,1
KUC,1
HNY,1
YNK,1
EZD,1
EVK,1
XEY,1
OUJ,1
UJO,1
GZH,1
WOG,1
DTA,1
SYI,1
WDY,1
RUV,1
LAO,1
AOC,1
KWU,1
AGW,1
WWI,1
EEW,1
INP,1
UGB,1
GBY,1
BIK,1
AKD,1
KDO,1
RKF,1
SKT,1
RLF,1
YEP,1
HWH,1
YFR,1
EDB,1
IAI,1
CUU,1
UUM,1
UPG,1
PGR,1
AEO,1
RKP,1
KPL,1
IDF,1
DFI,1
ANP,1
CKQ,1
KQU,1
PWH,1
RDF,1
AAC,1
DGA,1
HNN,1
YAH,1
AHW,1
WEH,1
BYL,1
WIX,1
JUP,1
DSW,1
ZEU,1
DEY,1
MEG,1
JEH,1
VAH,1
EZV,1
ZVO,1
SGO,1
IRW,1
XTA,1
DHI,1
WNR,1
AMT,1
JAK,1
AXW,1
XWE,1
ICN,1
CNI,1
